id,name,kind,layer,hp,atk,attack_range,attack_interval,move_speed,attack_type,gold,visual
slime,青苔妖,normal,ground,45,6,95,1.8,155,melee,7,slime
archer,山魈弓手,normal,ground,38,5,480,2.6,115,ranged,9,archer
tank,石甲兽,normal,ground,130,3,95,2.2,155,melee,10,tank
swift,疾影妖,normal,ground,28,11,90,1.4,260,melee,9,swift
bat,夜枭,normal,air,42,6,95,1.8,155,melee,10,bat
hawk,飞蝠,normal,air,36,5,460,2.6,155,ranged,11,hawk
elite,赤甲妖,elite,ground,160,13,140,2,135,melee,30,elite
boss,镇山妖王,boss,ground,1300,20,420,2.2,80,magic,100,boss
rift,时空裂隙,rift,ground,240,0,0,1,0,none,0,rift
