id,name,tier,skill_id,currency_id,max_level,cost,value,effect
upgrade_0_1,风意·御气飞剑,0,skill_01,intent_0,20,8,0.08,damage_percent
upgrade_0_2,风意·落星诀,0,skill_02,intent_0,20,8,0.08,damage_percent
upgrade_0_3,风意·青莲剑阵,0,skill_03,intent_0,20,8,0.08,damage_percent
upgrade_0_4,风意·护心剑罡,0,skill_04,intent_0,20,8,0.08,damage_percent
upgrade_0_5,风意·唤剑影,0,skill_05,intent_0,20,8,0.08,damage_percent
upgrade_0_6,风意·疾风剑,0,skill_06,intent_0,20,8,0.08,damage_percent
upgrade_0_7,风意·天雷引,0,skill_07,intent_0,20,8,0.08,damage_percent
upgrade_0_8,风意·霜华剑域,0,skill_08,intent_0,20,8,0.08,damage_percent
upgrade_0_9,风意·归元护法,0,skill_09,intent_0,20,8,0.08,damage_percent
upgrade_0_10,风意·太虚剑侍,0,skill_10,intent_0,20,8,0.08,damage_percent
upgrade_0_11,风意·流火剑,0,skill_11,intent_0,20,8,0.08,damage_percent
upgrade_0_12,风意·破云诀,0,skill_12,intent_0,20,8,0.08,damage_percent
upgrade_0_13,风意·焚天剑阵,0,skill_13,intent_0,20,8,0.08,damage_percent
upgrade_0_14,风意·万剑归心,0,skill_14,intent_0,20,8,0.08,damage_percent
upgrade_0_15,风意·诛邪剑灵,0,skill_15,intent_0,20,8,0.08,damage_percent
upgrade_1_1,雷意·御气飞剑,1,skill_01,intent_1,20,8,0.08,damage_percent
upgrade_1_2,雷意·落星诀,1,skill_02,intent_1,20,8,0.08,damage_percent
upgrade_1_3,雷意·青莲剑阵,1,skill_03,intent_1,20,8,0.08,damage_percent
upgrade_1_4,雷意·护心剑罡,1,skill_04,intent_1,20,8,0.08,damage_percent
upgrade_1_5,雷意·唤剑影,1,skill_05,intent_1,20,8,0.08,damage_percent
upgrade_1_6,雷意·疾风剑,1,skill_06,intent_1,20,8,0.08,damage_percent
upgrade_1_7,雷意·天雷引,1,skill_07,intent_1,20,8,0.08,damage_percent
upgrade_1_8,雷意·霜华剑域,1,skill_08,intent_1,20,8,0.08,damage_percent
upgrade_1_9,雷意·归元护法,1,skill_09,intent_1,20,8,0.08,damage_percent
upgrade_1_10,雷意·太虚剑侍,1,skill_10,intent_1,20,8,0.08,damage_percent
upgrade_1_11,雷意·流火剑,1,skill_11,intent_1,20,8,0.08,damage_percent
upgrade_1_12,雷意·破云诀,1,skill_12,intent_1,20,8,0.08,damage_percent
upgrade_1_13,雷意·焚天剑阵,1,skill_13,intent_1,20,8,0.08,damage_percent
upgrade_1_14,雷意·万剑归心,1,skill_14,intent_1,20,8,0.08,damage_percent
upgrade_1_15,雷意·诛邪剑灵,1,skill_15,intent_1,20,8,0.08,damage_percent
upgrade_2_1,霜意·御气飞剑,2,skill_01,intent_2,20,8,0.08,damage_percent
upgrade_2_2,霜意·落星诀,2,skill_02,intent_2,20,8,0.08,damage_percent
upgrade_2_3,霜意·青莲剑阵,2,skill_03,intent_2,20,8,0.08,damage_percent
upgrade_2_4,霜意·护心剑罡,2,skill_04,intent_2,20,8,0.08,damage_percent
upgrade_2_5,霜意·唤剑影,2,skill_05,intent_2,20,8,0.08,damage_percent
upgrade_2_6,霜意·疾风剑,2,skill_06,intent_2,20,8,0.08,damage_percent
upgrade_2_7,霜意·天雷引,2,skill_07,intent_2,20,8,0.08,damage_percent
upgrade_2_8,霜意·霜华剑域,2,skill_08,intent_2,20,8,0.08,damage_percent
upgrade_2_9,霜意·归元护法,2,skill_09,intent_2,20,8,0.08,damage_percent
upgrade_2_10,霜意·太虚剑侍,2,skill_10,intent_2,20,8,0.08,damage_percent
upgrade_2_11,霜意·流火剑,2,skill_11,intent_2,20,8,0.08,damage_percent
upgrade_2_12,霜意·破云诀,2,skill_12,intent_2,20,8,0.08,damage_percent
upgrade_2_13,霜意·焚天剑阵,2,skill_13,intent_2,20,8,0.08,damage_percent
upgrade_2_14,霜意·万剑归心,2,skill_14,intent_2,20,8,0.08,damage_percent
upgrade_2_15,霜意·诛邪剑灵,2,skill_15,intent_2,20,8,0.08,damage_percent
upgrade_3_1,炎意·御气飞剑,3,skill_01,intent_3,20,8,0.08,damage_percent
upgrade_3_2,炎意·落星诀,3,skill_02,intent_3,20,8,0.08,damage_percent
upgrade_3_3,炎意·青莲剑阵,3,skill_03,intent_3,20,8,0.08,damage_percent
upgrade_3_4,炎意·护心剑罡,3,skill_04,intent_3,20,8,0.08,damage_percent
upgrade_3_5,炎意·唤剑影,3,skill_05,intent_3,20,8,0.08,damage_percent
upgrade_3_6,炎意·疾风剑,3,skill_06,intent_3,20,8,0.08,damage_percent
upgrade_3_7,炎意·天雷引,3,skill_07,intent_3,20,8,0.08,damage_percent
upgrade_3_8,炎意·霜华剑域,3,skill_08,intent_3,20,8,0.08,damage_percent
upgrade_3_9,炎意·归元护法,3,skill_09,intent_3,20,8,0.08,damage_percent
upgrade_3_10,炎意·太虚剑侍,3,skill_10,intent_3,20,8,0.08,damage_percent
upgrade_3_11,炎意·流火剑,3,skill_11,intent_3,20,8,0.08,damage_percent
upgrade_3_12,炎意·破云诀,3,skill_12,intent_3,20,8,0.08,damage_percent
upgrade_3_13,炎意·焚天剑阵,3,skill_13,intent_3,20,8,0.08,damage_percent
upgrade_3_14,炎意·万剑归心,3,skill_14,intent_3,20,8,0.08,damage_percent
upgrade_3_15,炎意·诛邪剑灵,3,skill_15,intent_3,20,8,0.08,damage_percent
