id,name,realm_id,kind,cooldown,range,power,duration,max_level,cost,cost_growth,description,secondary,secondary_value,secondary_duration,aoe_radius,trajectory,projectile_count,hover_time,arc_min,arc_max,speed,spread,volley_interval,volley_jitter,spawn_jitter,pierce_chance,secondary_extra
skill_01,御剑术,realm_0,projectile,1.2,950,2,0.8,50,30,1.22,剑诀御剑，飞剑自肩侧横射而出，击中即散。,,0,0,0,line_shot,3,0.12,0,0,1500,28,0.1,0.03,0,0,0
skill_04,仙风云体术,realm_0,buff,15,950,1,6,50,69,1.22,仙风云体，周身真气鼓荡，出手快如疾风。,haste,3,6,0,,1,0,0,0,0,0,0,0,0,0,0
skill_06,万剑决,realm_0,projectile,1.5,950,0.5,0.5,50,120,1.22,万剑齐落，自敌人上空垂直坠下，落点之内尽数命中。,,0,0,60,sky_drop,5,0.25,0,0,0,40,0.06,0.05,40,0,0
skill_02,落星诀,realm_1,target,3.5,950,3,0.6,50,40,1.22,引落星之力，片刻后对单一敌人造成巨额伤害。,,0,0,0,,1,0,0,0,0,0,0,0,0,0,0
skill_03,青莲剑阵,realm_1,ground,6.5,950,0.6,4,50,52,1.22,绽放青莲剑阵，剑阵内敌人持续受创并被束缚减速。,slow,0.4,1.5,220,,1,0,0,0,0,0,0,0,0,0,0
skill_05,唤剑影,realm_1,summon,11,950,0.75,7,50,91,1.22,召唤剑影分身，自动以剑气协助战斗。,,0,0,0,,1,0,0,0,0,0,0,0,0,0,0
skill_07,天雷引,realm_2,target,3.8,950,2.6,0.6,50,159,1.22,引动天雷，对单一敌人爆发并使其麻痹。,stun,0,1,0,,1,0,0,0,0,0,0,0,0,0,0
skill_08,霜华剑域,realm_2,ground,7,950,0.6,4,50,209,1.22,展开霜华领域，领域内敌人持续受创并大幅减速。,slow,0.65,2,240,,1,0,0,0,0,0,0,0,0,0,0
skill_09,醉仙望月步,realm_2,buff,15,950,1,6,50,277,1.22,醉仙望月，身法飘忽，暴击之后剑势更快一分。,crit_reduce,0.3,6,0,,1,0,0,0,0,0,0,0,0,0,1
skill_10,太虚剑侍,realm_3,summon,12,950,0.8,7,50,365,1.22,召唤太虚剑侍，自动以剑气协助战斗。,,0,0,0,,1,0,0,0,0,0,0,0,0,0,0
skill_11,青元剑芒,realm_3,projectile,1.3,950,0.45,0.9,50,482,1.22,青元剑气激射，划出弧光追击敌人。,,0,0,0,arc_homing,3,0,-50,140,1000,20,0.1,0.02,0,0,0
skill_12,破云诀,realm_3,target,3.8,950,2.4,0.6,50,636,1.22,破云穿空，破甲使目标短时受到更高伤害。,vulnerable,0.2,3,0,,1,0,0,0,0,0,0,0,0,0,0
skill_13,焚天剑阵,realm_4,ground,7,950,0.7,4.5,50,839,1.22,焚天煮海，大范围内持续灼烧敌人。,dot,0.2,3,300,,1,0,0,0,0,0,0,0,0,0,0
skill_14,万剑归心,realm_4,buff,10,950,1.5,5,50,1108,1.22,万剑归宗，大幅提升伤害并以剑气汲取气血。,lifesteal,0.15,5,0,,1,0,0,0,0,0,0,0,0,0,0
skill_15,诛邪剑灵,realm_4,summon,12,950,0.9,7,50,1463,1.22,召唤诛邪剑灵，其攻击附带斩杀低血目标。,execute,0.2,0,0,,1,0,0,0,0,0,0,0,0,0,0
